Tweet(text),neutral
,neutral
 tigerbalmcanada ends today enter to win retweet amp follow tigerbalmcanada to enter to win a jar of tiger balm ultra strength oi ,positive
,neutral
 travelticket peyto lake canada  t co x9whtvageg,neutral
,neutral
is flying with canada s low cost airlines worth the hassle  t co cawugl67nq,neutral
,neutral
twitter to ban political ads in canada until election campaign cbc news  t co yotwhc4trc,neutral
,neutral
canada wonderland here i come ,neutral
,neutral
 toughcookie567 gevaarlijke hittegolf treft vs en canada  t co czfdznal80 via destandaard,neutral
,neutral
icymi as more activists and more political groups back a canadian green new deal the push to take concrete action  t co 892dfeviph,neutral
,neutral
 myholigay lgbt travel to gay friendly ottawa canada tulip festival http tumblr com xei87icni,positive
,neutral
interested in cannabis and hemp industry let s talk russia ukraine belarus usa canada hemp cannabis thc cbd,neutral
,neutral
 mrs teplitz lorneclinton cathmckenna the earth is literally burning up unless you send now and don t delay see details on how ,negative
,neutral
 foro tv ofrecen empleos en canad de hasta 69 000 pesos mensuales para mexicanos  t co o6tlohlw1n  t co 18ldk4bpid,neutral
,neutral
current weather johnstown ontario humid temp 82 2 f 28 c wind 17 9 kmh ssw bp 100 7 kpa and falling rela  t co ujf3fpekfd,negative
,neutral
oh this is sad his cape breton is the thought control centre of canada meant so much to me when i read it in hig  t co lphabkkxun,negative
,neutral
 t co wvajdahaq9 un pas dans la bonne direction cdnminhealth mais pour d impact il faut accorder le statu  t co wteit63bxl,neutral
,neutral
 kellycanuckto everyone in eastern canada today weather  t co cnmjr5tges,neutral
,neutral
 payantcody trudeaumustgo because our ancestors fought for canada s freedom and the least we can do is fight our government to keep it ,positive
,neutral
 spikedonline fifteen female beauticians in canada are being sued because they refused to wax a trans woman s bollocks we ve reached p ,negative
,neutral
amazing friends across canada canada proudtobecanadian goldstarsoul passion friendship soloroadtrip  t co xqbzhvf80c,positive
,neutral
 tundetash a rank of the 7 cheapest schools in canada for international students mix of english amp french schools for undergraduate s ,positive
,neutral
 golfvue dyk the most prolific canadian golf course architects in the golden age of golf in canada were stanley thompson and albert m ,positive
,neutral
join michelle gadsden williams managing director na amp canada inclusion amp diversity lead accenture at the 2019 str  t co oeexrbf0xo,positive
,neutral
 we must solve a complex puzzle points out kropffmartin dg of cimmyt wheat must feed more people while growi  t co nlzthzwwpi,negative
,neutral
 7newssydney police in canada have launched a murder investigation into the deaths of australian lucas fowler and his american girlfrie ,negative
,neutral
people s party board in a winnipeg riding quits over concerns about racism cbc news  t co nxb1cnmdjd  t co ju07g1waeg,negative
,neutral
pour les propri taires ou locataires d une copropri t ou d un appartement de graves inondations ou d g tsdeau p  t co jbrgw1vasp,neutral
,neutral
 10h le 20 jul 2019 il fait 309 5 s au canada extr mes retranch s min 4 1 c iqaluit max 27 4 c fredericton,neutral
,neutral
 bob animal you know it s hot in canada when  t co 2agwkxejqw,positive
,neutral
via perilofafrica are food politics defeating canada s healthy eating strategy with the clock ticking toward a f  t co rckrvvahbc,positive
,neutral
 jclynch23 goonion17 7newssydney it s the bc alaska hwy it runs through canada to get to alaska smh ,neutral
,neutral
 louisbusch a disproportionate number of individuals with neurodevelopmental disorders also end up in the forensic mental health system ,negative
,neutral
for condo and apartment owners and tenants severe flooding and waterdamage could mean loss of access to the prem  t co a09lpr0kqx,negative
,neutral
 rafafarinella t mas voc s j come aram uma rave na praia do canad ,neutral
,neutral
 rdcmtlcustomizedmugs rinadecolamtl put your quotes that you love or anything you want just for 10 tax includ  t co h9m3rajd1b,positive
,neutral
 spectatorindex ease of doing business 2018 1 nz 2 singapore 3 denmark 6 us 7 uk 14 australia 18 canada 20 germany 28 spain ,positive
,neutral
 titaniamcgrath this is the brave woman taking multiple female beauticians to court in british columbia for refusing to wax her scrotum ,neutral
,neutral
from the archives dr patricia pelufo silveira a montreal based researcher at mcgillu and the douglas research c  t co aef9cfwhac,neutral
,neutral
 insulin caravans transport diabetics 800 miles to canada for affordable drugs cardiovascular business  t co 5gs9javmac,positive
,neutral
 kylegriffin1 the comments made were hurtful wrong and completely unacceptable the canadian pm justin trudeau said and i want eve ,negative
,neutral
 justamazen markhertling 51 years ago my parents brought us 10 children to canada and none of us have ever been told to go back to le ,neutral
,neutral
 canadanobrasil programa vanier do governo do canad oferece 166 bolsas para estudantes de doutorado inscri es at 06 11  t ,neutral
,neutral
 bob animal you know it s hot in canada when  t co 2agwkxejqw,positive
,neutral
hardworking low unemployment low crime depo them via smedian network medium medium blog essay  t co ssjmwxjq6i,negative
,neutral
heat amp humidity continues today before temps subside tomorrow for most of eastern canada the hrrr showing a very d  t co 8dtdccntzz,neutral
,neutral
 titaniamcgrath this is the brave woman taking multiple female beauticians to court in british columbia for refusing to wax her scrotum ,neutral
,neutral
 spectatorindex school shootings since 2009 us 288 mexico 8 south africa 6 india 5 pakistan 4 nigeria 4 afghanistan 3 brazil ,neutral
,neutral
 trump baby s uk visit christopher oldcorn blog essay news politics government populist uspolitics  t co kpzil6feyz,positive
,neutral
 paulkrugman go canada gotta build a wall to stop those illegal americans from crossing canadian borders ,negative
,neutral
 bob animal you know it s hot in canada when  t co 2agwkxejqw,positive
,neutral
richmond hill movers tender touch movin  t co qnh2p5rxw4  t co i69mus4uzc,positive
,neutral
 emrazz there s nothing exemplary about a man who rapes an unconscious woman i don t give a fuck about this rapist s resume report th ,neutral
,neutral
 justintrudeau for 3 years the canadachildbenefit has helped parents across canada with the high cost of raising kids and tomorrow ,positive
,neutral
 drjacobsrad trudeaumustgo is still trending in canada and mr caley the senior director of communications for the liberal party is c ,neutral
,neutral
 cristhianayalag en canad le arrebataron a las mafias 139 millones de dolares a n no es claro hacia donde tiene que apuntar la pol t ,neutral
,neutral
20 interesting fun facts about canada  t co oehhjypizt  ck funstudio,positive
,neutral
 drleslea fuck off like as in all the way exemplary medical student who raped unconscious woman caved to temptation lawyer argu ,negative
,neutral
 whattheffacts the modern world s first international sporting fixture was a cricket match played in 1844 between canada and the usa c ,positive
,neutral
eddy p rez analyste des politiques internationales pour r seau action climat au canada les garanties de protect  t co jrlnokvb3a,positive
,neutral
applying online the estimated processing time doesn t include the time it takes to send a passport through a vac t  t co sjgazslogf,neutral
,neutral
 teamadam76 this bias hack runs a research and polling company only in canada trudeaumustgo  t co wjqz5mt5cd,negative
,neutral
sunday canada s best cover canada s band as we celebrate gord downie the tragically hip 8pm cbcmusic  t co o17aeagv2z,positive
,neutral
read the provinces with alllitupcanada s list in celebration of compelling and exciting reads by writers in all th  t co uhfyoqlygo,positive
,neutral
busca canad trabajadores mexicanos a trav s de la stps mx  t co 7zzodpljhl  t co yvuczoxl43,neutral
,neutral
the stephen avenue flags will be painted sunday east and west of centre street with a ceremony following monday a  t co 4brfyq7gg0,neutral
,neutral
 bolsadetrabajo se solicita mec nico hidr ulico 46 000 00 aprox para laborar en canad detalles de la  t co qu7g7bbbjd,neutral
,neutral
snowballing signals from the white house house of losing patience over the slow pace of ratification of the u s me  t co mitdtzghbj,negative
,neutral
canada joins global pact to stop illegal fishing trade plans more inspections  t co 5s8zcmgoxq,negative
,neutral
canada joins global pact to stop illegal fishing trade plans more inspections  t co c5xw6tcem5,negative
,neutral
plaintiff in military sexual misconduct lawsuit pleased with settlement  t co ggh1kl3oal  t co ytxwoqztni,positive
,neutral
boris is absolutely right what we want to end up with is a canada style free trade agreement where we can take ba  t co cdyueoudl7,positive
,neutral
si viajas a m xico en tu veh culo desde eeuu o canad no olvides tramitar tu permiso de importaci n temp  t co znmpb7ehil,neutral
,neutral
 canada we re visiting for the first time in a few weeks and want to see you there tickets  t co o7hyagkors,neutral
,neutral
canada has a women entrepreneurship strategy more info below follow canadabusiness for more  t co zelv68cwc9,neutral
,neutral
japan s ambassador to canada kimihiro ishikane shared some of japan s experiences from a years long dispute with  t co ne0daz5bzc,negative
,neutral
 logitech tap meetup and zoom so easy these two six year old girls can install and join a call love it  t co 8fhol5urbx,positive
,neutral
 tomspolitics realclearisrael war on the canada food guide trudeaumustgo  t co tsleornl1b,neutral
,neutral
 titaniamcgrath this is the brave woman taking multiple female beauticians to court in british columbia for refusing to wax her scrotum ,neutral
,neutral
 paulbruce ouch does andrew scheer think pizzagate is part of canada s food guide ,neutral
,neutral
 heatherwellscbc homeless immigrant builds magnificent winnipeg shack after promise of better life in canada falls through brycehoy ,positive
,neutral
air canada fue la primera empresa que suspendi vuelos hacia venezuela una de las causas que dio en marzo de 2014  t co uraqzvjz6v,neutral
,neutral
 7newssydney authorities believe lucas fowler and his girlfriend chynna deese were murdered after their van broke down on the alaska hi ,negative
,neutral
 radioitaliairib nordamerica travolto dalla calura 45 gradi in canada  t co gahdwkl9ej,neutral
,neutral
 cbcottawa ottawa considered at risk area for lyme disease warns public health  t co dxh3empauz ottnews ottawa  t co d ,negative
,neutral
 bucksexton they can move to canada ,neutral
,neutral
 realdonaldtrump you like numbers  t co f1v9imxdx6,positive
,neutral
 kwicemccarthy markhertling we have some trump wannabes in canada as well we have fake news trying to discredit our pm it s far fro ,neutral
,neutral
welcome to canada where white people definitely tell the indigenous to go back to where they came from and when t  t co gokx6llhye,positive
,neutral
 depressionnote suicide hotline numbers united kingdom 116 123 united states 1 800 273 8255 canada 1 800 456 4566 ireland ,negative
,neutral
 rahmstorf the first time a temperature warmer than 20c has been measured north of 80 on the planet  t co qev6ckxh4y,positive
,neutral
 emrazz there s nothing exemplary about a man who rapes an unconscious woman i don t give a fuck about this rapist s resume report th ,neutral
,neutral
 mavenofmayhem um guess what chaptersindigo canada s largest book retailer has a list of most anticipated books and mine is one o ,neutral
,neutral
 abc remember when trudeau invited all migrants to canada how s that working out they rejected almost everyone,negative
,neutral
 randyrrquaid california didn t care when crooked h revoked my passport while i was in bc to pick up an award i refused to cross borde ,negative
,neutral
 encoreplusmedia next week fans and series talent will celebrate due south s 25th anniversary at a 3 day convention in toronto encore ,positive
,neutral
housing starts and mortgage renewals both declined in 2018 according to federal agency mortgages  t co sr5uvjizdf,neutral
,neutral
 cindylmao if you re around canada water area se16 be careful and stay aware this shit is so sickening  t co 5xb8npa7vn,negative
,neutral
 anthonysarti11 tu sais qu il fait chaud au canada quand  t co 24g50o58bs,neutral
,neutral
only after smuggling 3 pool balls in my ass and across the canadian border did i learn that it wasn t illegal to b  t co rlb5ism8jq,negative
,neutral
 electionscan e have your say make sure you re registered to vote you can register online now with elections canada or update your r ,neutral
,neutral
 designationsix ted cruz comes down here from canada and tells us how to run our government if he does not like it here he can go back ,positive
,neutral
 justintrudeau it s a big day for moms and dads your canada child benefit is going up so you ll have more money to help pay for what ,positive
,neutral
energy rally mad max 2019 peoples party of canada maxime bernier  t co 8r6g6wfngq via youtube,negative
,neutral
 travellinnorth petermckinnon rogershelps you heard it right we gladly pay 50 cad for 4gb unlimited calling in  t co jqh4minqar,positive
,neutral
 irishtimescultr when the irish invaded canada fenian plan was doomed from the start  t co nbqiocvldp via irishtimescultr,negative
,neutral
 ladurantaye markbourrie which robyn one is a right leaning opinionator the other is one hell of an amazing jou  t co umq4hf90zq,positive
,neutral
 justintrudeau it s a big day for moms and dads your canada child benefit is going up so you ll have more money to help pay for what ,positive
,neutral
 animaljustice canada exports more animal trophies than south africa hunters regularly gun down thousands of majestic bears elk deer ,positive
,neutral
 vp president realdonaldtrump promised to fight for trade deals that put us jobs amp us workers first the usmca will help build on the ,positive
,neutral
 human canada you re right then we ll either need to be out of their way or just be nice enough that they all joi  t co xajyz1sz1f,positive
,neutral
 mmpadellan today racistinchief posted a racist tweet against reps aoc omar pressley and tlaib he was denounced by dems meghan ,negative
,neutral
 abclote fordquebec c est pas ford qu bec mais ford ontario canada grande diff rence m me pour g n ral motor co ,neutral
,neutral
it s been a week of academic conferencing in canada started with serving as a mentor at the qda19 qualitative  t co orkkfphfij,neutral
,neutral
 justinbieber realdonaldtrump good idea lets let them out in canada and since half of them have no parents here th  t co 7d7qradpwb,positive
,neutral
 kellycanuckto everyone in eastern canada today weather  t co cnmjr5tges,neutral
,neutral
canada stands out in the report which noted that the country s debt has continued to rise from high levels cana  t co 5tifp4gevq,negative
,neutral
 t co dxrcmmvxqh,neutral
,neutral
 bob animal you know it s hot in canada when  t co 2agwkxejqw,positive
,neutral
what with butts reappearance tides must have injected more money to further screw up canada what a treasonous we  t co s9mff0ojnd,negative
,neutral
 7newssydney police in canada have launched a murder investigation into the deaths of australian lucas fowler and his american girlfrie ,negative
,neutral
 7newssydney police in canada have launched a murder investigation into the deaths of australian lucas fowler and his american girlfrie ,negative
,neutral
merrell family vacation 2019 is a wrap new england you were good to us boston gt plymouth gt salem gt new hampshire gt verm  t co irgjsekwan,positive
,neutral
 depressionnote suicide hotline numbers united kingdom 116 123 united states 1 800 273 8255 canada 1 800 456 4566 ireland ,negative
,neutral
 depressionnote suicide hotline numbers united kingdom 116 123 united states 1 800 273 8255 canada 1 800 456 4566 ireland ,negative
,neutral
 maritstiles under ndp government bc eliminates operating debt for 1st time in 4 decades cdnpoli onpoli  t co emgoywdqtm,negative
,neutral
 7newssydney authorities believe lucas fowler and his girlfriend chynna deese were murdered after their van broke down on the alaska hi ,negative
,neutral
 tylermeredith funny that a new video by canada proud doesn t reflect reality experts say i m gobsmacked i would have thought ,neutral
,neutral
 specialocanada today is the day get your special olympics donut at timhortons across canada because inclusion goes great with your ,positive
,neutral
 artist velasco ca ada de la magdalena 1862 velasco mexicanart  t co legdzawxzy,neutral
,neutral
 bob animal you know it s hot in canada when  t co 2agwkxejqw,positive
,neutral
 kellycanuckto everyone in eastern canada today weather  t co cnmjr5tges,neutral
,neutral
 spectatorindex countries by 7 eleven stores japan 20 904 thailand 11 299 south korea 9 485 us 9 340 taiwan 5 443 china 2 892 p ,neutral
,neutral
how canada got so smart on artificial intelligence  t co fbtkjtrbtl,positive
,neutral
 billkristol harlan bet that if it was a team canada jersey harlan wouldn t notice it ,neutral
,neutral
 alexgilesnews wbtv news gun control now in canada the mass shooting are getting out of hand,neutral
,neutral
 7newssydney authorities believe lucas fowler and his girlfriend chynna deese were murdered after their van broke down on the alaska hi ,negative
,neutral
 nunouamusse as nossas meninas entraram com p direito mo ambique hoyeee que venha o canad amanh as 9h30  t co ,neutral
,neutral
 wearenorth99 how germany closed its coal industry without sacking a single miner a just transition is possible in canada too  ,neutral
,neutral
 bob animal you know it s hot in canada when  t co 2agwkxejqw,positive
,neutral
 7newssydney police in canada have launched a murder investigation into the deaths of australian lucas fowler and his american girlfrie ,negative
,neutral
 designationsix ted cruz comes down here from canada and tells us how to run our government if he does not like it here he can go back ,positive
,neutral
 long daze it s incredible how many of them want trump to commit a coup on canada and will gladly say so ,positive
,neutral
 bob animal you know it s hot in canada when  t co 2agwkxejqw,positive
,neutral
 3mendous as a minority with a sometimes high profile in canada i can t begin to tell my fellow canadian how important it is that the ,positive
,neutral
 maximebernier rappel qu au canada vous pouvez fr quenter des gens qui promeuvent la charia et la violence conjugale et les m dias n ,neutral
,neutral
 designationsix ted cruz comes down here from canada and tells us how to run our government if he does not like it here he can go back ,positive
,neutral
 crippledu wow blind man arrested after refusing to remove guide dog from kamloops gas station store how could the rcmpgrcpolice ,negative
,neutral
are food politics defeating canada s healthy eating strategy  t co lxnogqb5hg  t co 4vckatqpps,positive
,neutral
 kellycanuckto everyone in eastern canada today weather  t co cnmjr5tges,neutral
,neutral
 andyw0k a los 92 a os falleci el tucumano cesar pelli una leyenda de la arquitectura mundial entre sus obras m s destacadas se encu ,neutral
,neutral
i wanted to go to canada but shit if they got a serial killer out there no sir my ass ain t going nowhere ,negative
,neutral
i don t think moving to canada is going to save us from the heat blazingsandals  t co twpngn2xsm,neutral
,neutral
 a heat wave blankets much of the united states and canada  t co ypsskkc72j,neutral
,neutral
 michaelgproctor lraitt dirtiest most corrupt government canada has ever had trudeaumustgo cdnpoli,negative
,neutral
 nrdc the canadian boreal forest has a new crop of defenders new indigenous guardians programs across canada will help protect this gl ,positive
,neutral
 tesswats i think we need to acknowledge and respect their dignity and stop the narrative that they are lesser than  t co klzflglozv,positive
,neutral
 cbcalerts batch of pacific oysters harvested in b c recalled due to threat of paralytic shellfish poisoning  t co skekmxxw2l,negative
,neutral
 maritstiles under ndp government bc eliminates operating debt for 1st time in 4 decades cdnpoli onpoli  t co emgoywdqtm,negative
,neutral
 titaniamcgrath this is the brave woman taking multiple female beauticians to court in british columbia for refusing to wax her scrotum ,neutral
,neutral
 manon64804 berniesanders i do and i am of the next president isn t bernie sanders i intend to become a citizen of canada ,neutral
,neutral
 kellycanuckto everyone in eastern canada today weather  t co cnmjr5tges,neutral
,neutral
 kellycanuckto everyone in eastern canada today weather  t co cnmjr5tges,neutral
,neutral
 bob animal you know it s hot in canada when  t co 2agwkxejqw,positive
,neutral
 march1studios ugh so humid who invited florida up here this is canada i belong in the ice and snow  t co qupirk336o,negative
,neutral
 designationsix ted cruz comes down here from canada and tells us how to run our government if he does not like it here he can go back ,positive
,neutral
 charlieintel updated call of duty mobile has soft launched in canada and australia on both ios and android  t co x6cmfzhwm6,positive
,neutral
 juliadavisnews trudeau about send her back chants at trump rally the comments made were hurtful wrong and completely unacceptable ,negative
,neutral
 sophierunning exemplary and raped don t belong in the same sentence  t co qrvl94fbud,neutral
,neutral
 cbcalerts ottawa considered at risk area for lyme disease health agency warning people to take precautions when out and about in city ,negative
,neutral
 liberal party and please don t forget to ur scam of importing plane loads of muslims and it s costing 50k to onta  t co 3yyisi6dqy,negative
,neutral
 emrazz there s nothing exemplary about a man who rapes an unconscious woman i don t give a fuck about this rapist s resume report th ,neutral
,neutral
 drcherylt i am so excited to announce that i won a 2 yr sshrc insight development grant to further my banting research on canada s his ,positive
,neutral
 bbcworld a millionaire a murder and a mystery killer  t co w0h77ollnh,negative
,neutral
 mt enmexico canad busca a mexicanos para trabajar en 12 diferentes reas a nivel operativo y profesional y ofrece hasta 69 mil pesos ,neutral
,neutral
 movingparadigms who was bc minister of finance who boasted about a budget surplus at a time when teachers the 2nd lowest paid in cana ,neutral
,neutral
 depressionnote suicide hotline numbers united kingdom 116 123 united states 1 800 273 8255 canada 1 800 456 4566 ireland ,negative
,neutral
 justintrudeau it s a big day for moms and dads your canada child benefit is going up so you ll have more money to help pay for what ,positive
,neutral
 liberal party whatever your family gets up to this summer you re about to have more money to make the best of it for your kids beca ,positive
,neutral
 t co gtd244ap3e,neutral
,neutral
 tomtsec is the us facing a growing terror threat from canada  t co ieyotf9loj via thenationaluae,negative
,neutral
 tomtsec trudeau ups canada s global abortion spending to 700 million a year blogs lifesite  t co z7l2n98eh7,neutral
,neutral
 pamsugiman child poverty rates on first nations reserves are deplorably high for a country as rich as canada says co author of repo ,negative
,neutral
canadian catholic travelling guide  t co 2nyxf3g1r2,neutral
,neutral
 slashworldarg slash en vancouver canada 18 07 19 kira clavell slash smkc livingthedreamtour vancouver myleskenne ,neutral
,neutral
 natnewswatch and when fordnation removed dean french and anyone associated with him there was still an uproar abo  t co kxbaslklek,negative
,neutral
 revistaproceso canad busca trabajadores mexicanos con sueldos de hasta 69 mil pesos  t co zflwojdojt,neutral
,neutral
 azmairnin2019 meeting with kevinolearytv he has great respect for maximebernier and agrees with most of his ideas investments amp op ,positive
,neutral
 electionscan e have your say make sure you re registered to vote you can register online now with elections canada or update your r ,neutral
,neutral
 vestscanada these folks are literally conducting hate speech and they are getting away with it canada criminal co  t co 2lznmn3p70,negative
,neutral
 moebius strip if you think the cat filter is bad this tabloid piece on the murders is worse waaaaay worse  t co l3mghcucgg,negative
,neutral
 andrewscheer while justin trudeau has actively worked to shut down our natural resources sector i will continue to champion it becau ,positive
,neutral
 marleneloverfor omg head exploding i love this man salim s lingo is very great awakening i m in his speech matches my thoughts ,positive
,neutral
 bob animal you know it s hot in canada when  t co 2agwkxejqw,positive
,neutral
icymi surprise slump in retail sales bolsters case that bank of canada would follow fed in rate cut  t co yipnijz9n1,negative
,neutral
 hstylesbr harry e a fam lia gerber hoje em muskoka canad 18 07  t co jn0uopqtq8,neutral
,neutral
 canada today wienerdogs like this adorable duo will be racing at wienerpawlooza in ottawa ontario warning the cuteness you expe ,positive
,neutral
 kate canadian can t wait for ctv to report that canada s job numbers were massively inflated by trudeau  t co 6nmwldvg13,negative
,neutral
 kellycanuckto everyone in eastern canada today weather  t co cnmjr5tges,neutral
,neutral
 jebca thanks to the nature conservancy of canada ncc cnc for getting a replacement bridge built on the five fathom hole trail in the ,neutral
,neutral
 tomspolitics realclearisrael war on the canada food guide trudeaumustgo  t co tsleornl1b,neutral
,neutral
 foodallergycan epipen update pfizerca is reporting potential supply constraints of the epipen 0 3 mg auto injector in canada learn ,neutral
,neutral
 designationsix ted cruz comes down here from canada and tells us how to run our government if he does not like it here he can go back ,positive
,neutral
 undertakehd wikea cirousstream twitchde sie lebt soweit ich wei in canada ,neutral
,neutral
 drjacobsrad trudeaumustgo is still trending in canada and mr caley the senior director of communications for the liberal party is c ,neutral
,neutral
 jayanddan today is the specialocanada global day of inclusion and you can choosetoinclude by buying this special olympics donut from ,neutral
,neutral
cambodia to ship 1 600 tonnes of insulting plastic waste back to us and canada  t co mp3ykttpdu plasticpollution,negative
,neutral
 franktmcveety alberta judge denies b c s bid to block turn off the taps bill  t co bljwekezz0,negative
,neutral
 jessie42292067  t co nslsqglknw now where is the govt to get the funds to build a refinery in bc when they re raping our pensi ,negative
,neutral
 arminvanbuuren you and nashmakesmusic should come play chasing summer in calgary alberta canada,neutral
,neutral
 kellycanuckto everyone in eastern canada today weather  t co cnmjr5tges,neutral
,neutral
 munch289 manny ottawa cbc notabot trudeaumustgo but manny they are a band the band to disband canada as a sovereign nation htt ,neutral
,neutral
 travelticket peyto lake canada  t co x9whtvageg,neutral
,neutral
 mukwah piya chatelaine cbcradio cbcnews cbc i m from bc and live in ontario 11 years i find racism worse in  t co em1bn903ar,negative
,neutral
 emrazz there s nothing exemplary about a man who rapes an unconscious woman i don t give a fuck about this rapist s resume report th ,neutral
,neutral
dairy farmers of canada receives unilever s international recognition for its sustainability practices  t co hgac1yxtfd,positive
,neutral
 invi rd el seibo las comunidades beneficiadas fueron vicentillo villa guerrero ca ada de la vaca techodignoparalagente ,neutral
,neutral
 claudiogarjs c llate puto que regresando a canad vas a ser pap ,neutral
,neutral
 b c attorney general david eby said b c has already filed a similar case in federal court although that body h  t co vf9smg8eq4,neutral
,neutral
 eyesofblue06 ok seriously what is wrong with him he is totally unacceptable in canada trudeaumustgo scheervictory ,negative
,neutral
 davidmaccdn the rentalwage is so high that in 97 of neighbourhoods a min wage worker can t afford a modest 2bdrm apt in 31 of cana ,positive
,neutral
when we left vancouver it was 69 we just landed in nyc i m melting screw his i m going back to canada ,neutral
,neutral
 charlieintel updated call of duty mobile has soft launched in canada and australia on both ios and android  t co x6cmfzhwm6,positive
,neutral
boudica boudicaband1 different today kbradiothp kbindieradio  t co bxgmiix5yh,neutral
,neutral
 buttsmustpayseveranceback trudeaumustgo god help us and canada if this 2 unethical idiots are running the count  t co t8sxeeu2vg,negative
,neutral
 paul serran he already got sent back to canada ,neutral
,neutral
 specialocanada today is the day get your special olympics donut at timhortons across canada because inclusion goes great with your ,positive
,neutral
bonjour from the paris of canada susankorwin hedred canada quebeccity french bonjour quebec vieux quebec  t co mbwxukywiz,neutral
,neutral
yoooooo justin my mannnnnn since you care so much about people in need how about you donate some of those mil  t co lmdmkizgza,neutral
,neutral
 lamphieryeg due to climate change alberta facing near constant drought conditions expert forecast one year ago seriously can t mak ,negative
,neutral
in town for a few days come and try our wash and fold service fast turn around times canada women national t  t co oast9dchac,positive
,neutral
ignoring donald trump s racism will not make it go away huffpost canada  t co 73q3vltmk7,neutral
,neutral
 drjacobsrad the canada food guide and the long form census i can think of no two things that canadians care less about yet trudeau ,neutral
,neutral
 therawgeek titaniamcgrath canada is the brave new world soon even if you re a large 40 year old man with a history of child abuse ,neutral
,neutral
 rudygiuliani oh rudy rudy rudy not getting your facts straight you poor man lay down and take your meds how is e  t co knymptvcuz,negative
,neutral
 emrazz there s nothing exemplary about a man who rapes an unconscious woman i don t give a fuck about this rapist s resume report th ,neutral
,neutral
 titaniamcgrath this is the brave woman taking multiple female beauticians to court in british columbia for refusing to wax her scrotum ,neutral
,neutral
 astrocanuck i am horrified and ashamed as an canadian astronomer after seeing reports of the arrests of elders on maunakea for pro ,negative
,neutral
 politvidchannel breaking justin trudeau on trump s go back tweets the comments made were hurtful wrong and completely unaccepta ,negative
,neutral
lol for a second i was like first the road diet bike lanes floating bus stop now this hamilton s really got it g  t co 8ldbiravw8,positive
,neutral
 sheila copps trudeaumuststay fake twitter accounts need to be shut down by elections canada sooner rather than later wearecanpro ,negative
,neutral
 kellycanuckto everyone in eastern canada today weather  t co cnmjr5tges,neutral
,neutral
 drewbaba et canada just said the two top songs from the album are mood 4 eva amp brown skin girl wizkid was even trending in us amp ,positive
,neutral
 whiskysmiles ted roc sarahksilverman canada isn t far from you jake maybe you should go on over the border m  t co 8radep3ywc,neutral
,neutral
 bob animal you know it s hot in canada when  t co 2agwkxejqw,positive
,neutral
 davidsirota great story from paulheintz about the first bus trips berniesanders organized to take seniors to canada to purchase lowe ,positive
,neutral
 anthonysarti11 tu sais qu il fait chaud au canada quand  t co 24g50o58bs,neutral
,neutral
 depressionnote suicide hotline numbers united kingdom 116 123 united states 1 800 273 8255 canada 1 800 456 4566 ireland ,negative
,neutral
 tessybritton thank you to everyone for extraordinary week of learning and creating ideas with wonderful teams from montreal halifax ,positive
,neutral
 nas k27 not to forget when we all pakistani americans did protest at uno building ny on nawaz shareef s arrival it was so much fun ,neutral
,neutral
 justintrudeau it s a big day for moms and dads your canada child benefit is going up so you ll have more money to help pay for what ,positive
,neutral
poland singapore kuwait dubai canada readily available country with amazing job offers remember zero down  t co pgfyatp6qk,positive
,neutral
 justintrudeau it s a big day for moms and dads your canada child benefit is going up so you ll have more money to help pay for what ,positive
,neutral
 liberal party whatever your family gets up to this summer you re about to have more money to make the best of it for your kids beca ,positive
,neutral
 juliadavisnews trudeau about send her back chants at trump rally the comments made were hurtful wrong and completely unacceptable ,negative
,neutral
 justintrudeau it s a big day for moms and dads your canada child benefit is going up so you ll have more money to help pay for what ,positive
,neutral
if you re a white supremacist move to canada because we don t need anymore people who think the american dream is  t co bcsgnvih7v,neutral
,neutral
 cnni and that s why you never go to canada sethrogen,neutral
,neutral
canada looks good in comparison to the us that s why my mom is subtly trying to pressure me to move to montreal t  t co lrjmh6nslm,positive
,neutral
 m8tis seb 2 3 aussi libre du n onationalisme que nous observons l ouest et de sa r cup ration croissante par un colonialisme tati ,neutral
,neutral
 kylegriffin1 the comments made were hurtful wrong and completely unacceptable the canadian pm justin trudeau said and i want eve ,negative
,neutral
 depressionnote suicide hotline numbers united kingdom 116 123 united states 1 800 273 8255 canada 1 800 456 4566 ireland ,negative
,neutral
 ericholthaus another stunning record this week alert canada the northernmost permanent settlement on earth reached 70 f 21 c for t ,positive
,neutral
 13ltc13 thatericalper thousand oaks california to toronto canada to see the magnificent jonantoine in concert nessundorma livemus ,positive
,neutral
 milenio canad busca enfermeros mexicanos que quieran ganar 46 mil pesos al mes  t co 1arltx4jlx  t co xmrauilqrx,neutral
,neutral
 m bruntz designationsix graciegrace80 i m sure canada doesn t want him,neutral
,neutral
 cameronahmad canada was affirmed at aaa by fitch earlier today with a stable outlook it s one of the few sovereigns with a top ratin ,positive
,neutral
 entrevestor icymi to francis mcguire the growth of atlantic canada s startup community is above all a youth retention strategy amp h ,neutral
,neutral
 designationsix i hear canada wants nothing to do with him oh canada ,neutral
,neutral
 barrietoday canada nine arrested 35m in property seized in ndrangheta family illegal gaming bust  t co x6vtsegg2i  t ,negative
,neutral
 seattlestorm jordin canada and the storm set the single game franchise record tonight with 18 steals werepseattle http ,negative
,neutral
 bernardbourdon il y a 30 ans c tait les coles d immersion fran aise qui faisaient fureur d un trudeau l autre  t co 1cq2qugjce,neutral
,neutral
 teamaljonbcd busy tag chapter s admins sa pagpasa ng load ilalaban natin ang big winner ni binata aljonmendoza bb karina to 236 ,positive
,neutral
 designationsix ted cruz comes down here from canada and tells us how to run our government if he does not like it here he can go back ,positive
,neutral
un hospital de canad permite que las mascotas visiten a sus due os para que se curen m s r pido  t co oudtpmm0o2,neutral
,neutral
dear canada this is not what we want but what we will get wit andrewscheer scheerstupidity  t co wtml0cqiy4,neutral
,neutral
aniways le canada a pas besoin de petite vieilles,neutral
,neutral
 heatherwellscbc homeless immigrant builds magnificent winnipeg shack after promise of better life in canada falls through brycehoy ,positive
,neutral
 george olah hello parks canada  t co v1elaske6x,neutral
,neutral
 danielmasse16 fordnation unifor jerry dias trudeau and the liberal and ndp sabotaged the energy sector in canada ,neutral
,neutral
 titaniamcgrath this is the brave woman taking multiple female beauticians to court in british columbia for refusing to wax her scrotum ,neutral
,neutral
canada alone in the g7fr with this plus a fta with all other members when and how will the others catch up  t co uspn2yfk90,neutral
,neutral
 emrazz there s nothing exemplary about a man who rapes an unconscious woman i don t give a fuck about this rapist s resume report th ,neutral
,neutral
 travelticket peyto lake canada  t co x9whtvageg,neutral
,neutral
 titaniamcgrath this is the brave woman taking multiple female beauticians to court in british columbia for refusing to wax her scrotum ,neutral
,neutral
 westview al yo andrewscheer cpc hq et al there are 11 countries in the world that have a aaa credit rating from the 3 internationa ,neutral
,neutral
 dziady w kanadyjskim alert najdalej na n zamieszka ej osadzie na ziemi 800km od bieguna pierwszy raz w historii zanot 21 st c ,neutral
,neutral
 irishtimescultr when the irish invaded canada fenian plan was doomed from the start  t co nbqiocvldp via irishtimescultr,negative
,neutral
 gbickerton398 after 4 years of phoenix pay issues parks canada members deserve to be treated fairly and with respect instead they ar ,positive
,neutral
canada s world class dumb dumb  t co owbkdqpg2k,negative
,neutral
 guntruth canada twilsonottawa the undercard should be aj and miles trudeaumustgo,neutral
,neutral
 justintrudeau it s a big day for moms and dads your canada child benefit is going up so you ll have more money to help pay for what ,positive
,neutral
federal green party leader elizabeth may makes her way from parliament hill in ottawa on june 18 2019 the federal  t co rpcipkwh1k,neutral
,neutral
 charlieangusndp pam palmater justintrudeau seamusoregan and for 3 years now i have been asking my mp  t co xtvwzbm4wk,neutral
,neutral
certain pacific oysters recalled due to threat of paralytic shellfish poisoning  t co 1kgctfhxij,negative
,neutral
 liberal party also don t forget to mention canada s current debt which you have taken sky high is it at 130 billion ,negative
,neutral
 revistaproceso canad busca trabajadores mexicanos con sueldos de hasta 69 mil pesos  t co zflwojdojt,neutral
,neutral
 7newssydney police in canada have launched a murder investigation into the deaths of australian lucas fowler and his american girlfrie ,negative
,neutral
 starsports damospin like who would write such a trash article i d expect this from america but not canada where s the god dam support ,positive
,neutral
 7newssydney police in canada have launched a murder investigation into the deaths of australian lucas fowler and his american girlfrie ,negative
,neutral
voc percebe q tava cercado de burgueses quando o col gio q vc tava gt vai pro canad lt ,neutral
,neutral
 emrazz there s nothing exemplary about a man who rapes an unconscious woman i don t give a fuck about this rapist s resume report th ,neutral
,neutral
 slash en vancouver canada 18 07 19 kira clavell slash smkc livingthedreamtour vancouver  t co ex0ypdhfre,neutral
,neutral
 kellycanuckto everyone in eastern canada today weather  t co cnmjr5tges,neutral
,neutral
 designationsix ted cruz comes down here from canada and tells us how to run our government if he does not like it here he can go back ,positive
,neutral
butts is back and suddenly the liberal crew is looking awfully familiar cbc news  t co 94md7bubay  t co tgde4slrrl,negative
,neutral
 thatsmrneil considering that ontario has 121 of canada s 338 electoral districts i would say that the historic unpopularity of doug f ,neutral
,neutral
 spectatorindex beer spending per person 2018 iceland 705 ireland 537 australia 504 new zealand 492 switzerland 475 nether ,neutral
,neutral
 cbc the late children s entertainer ernie coombs perhaps better known as mr dressup architect frank gehry and olympic speedskater c ,positive
,neutral
 borealconserve did you know canada s boreal forest contains more surface freshwater than any other ecosystem on the planet it contai ,neutral
,neutral
 criscyborg the highest average annual snowfall recorded at a weather station in canada is 1388 centimetres 45 5 f  t co fi7gdaaxsv,neutral
,neutral
 bob animal you know it s hot in canada when  t co 2agwkxejqw,positive
,neutral
 kellycanuckto everyone in eastern canada today weather  t co cnmjr5tges,neutral
,neutral
 k muldoon yesterday in addition to the news article written on our research there were 5 other news articles from globalnews coveri ,neutral
,neutral
this bias hack runs a research and polling company only in canada trudeaumustgo  t co wjqz5mt5cd,negative
,neutral
 djokovicuk i don t think this has anything to do with nationalism i am not serbian born in uk brought up in can  t co jahrpq8ghx,neutral
,neutral
 juliadavisnews trudeau about send her back chants at trump rally the comments made were hurtful wrong and completely unacceptable ,negative
,neutral
 spikedonline fifteen female beauticians in canada are being sued because they refused to wax a trans woman s bollocks we ve reached p ,negative
,neutral
 k2 lawman yet another reminder that reconciliation and hopes that trudeau would have the courage and vision to nominate an indigenou ,positive
,neutral
 justinbieber realdonaldtrump you do realize canada has a similar temporary holding centers on their border as well right ,positive
,neutral
 jlew1050 in just over 2 months nick nurse has gotten a massage from drake on national tv had a baby won nba championship ,positive
,neutral
 evystadium look conversations about racism are hard but don t use this canada is multicultural soundtrack to drown the experiences o ,negative
,neutral
 yfblanchet tir sportif avec une arme con ue pour la guerre et souvent utilis e dans les tueries aux usa par le responsable conserva ,neutral
,neutral
if you re looking for work in toronto ontario check out this marketing job via the link in our bio media amp ana  t co xylnehskey,positive
,neutral
 citynews cityfaizaamin if he s in china forget about it china won t let him go back to canada besides he s ch  t co nwwyzaivmp,positive
,neutral
 bob animal you know it s hot in canada when  t co 2agwkxejqw,positive
,neutral
 jonathan pinto one of the decisions kingston has made since the declaration is postponing a new library in favour of purchasing elec ,positive
,neutral
 simra s ingredients of creating a punjabi music video daru police sirens black cars and mention dollar canada gabru ja ,neutral
,neutral
 simra s ingredients of creating a punjabi music video daru police sirens black cars and mention dollar canada gabru ja ,neutral
,neutral
 juliadavisnews trudeau about send her back chants at trump rally the comments made were hurtful wrong and completely unacceptable ,negative
,neutral
 speakeasyjames the motley crew which has brought so much embarrassment amp failure to canada is creeping back together all hands on dec ,negative
,neutral
 beans rae suck it up cupcake it s hot it s summer sincerely canada,positive
,neutral
 beccaboomm yaaaas girl this is amazing always repping your art over here in edmonton canada ,positive
,neutral
 teamaljonbcd aljonmendoza tagpampanga teamaljonilocos teamaljonarmy moniccccc20 teamaljondptn  t co yhaemk9oh3,neutral
,neutral
 instagram we re currently running a test that hides the total number of likes and video views for some people in the following countri ,positive
,neutral
 depressionnote suicide hotline numbers united kingdom 116 123 united states 1 800 273 8255 canada 1 800 456 4566 ireland ,negative
,neutral
 massmikmouse the vfw parkway legion of the canada geese society meeting to discuss the demise of a member of the tlf in a garage of al ,negative
,neutral
 radiocanadainfo elles ont toutes disparu ces voix tant aim es de radio canada ,neutral
,neutral
 designationsix ted cruz comes down here from canada and tells us how to run our government if he does not like it here he can go back ,positive
,neutral
 drjacobsrad trudeaumustgo is still trending in canada and mr caley the senior director of communications for the liberal party is c ,neutral
,neutral
reach out to justintrudeau so he can take them all into canada when i say all i mean all of those in ur so called  t co 4uyctc1q7u,neutral
,neutral
cineplex canada family favourites movies promotions missing link movie for 2 99 ticket today at 11 00 am ,neutral
,neutral
learn more on why canada didn t develop similar problems with marriage penalties  t co mfqf8pntuy  t co dhqfakoclc,negative
,neutral
 lauralynntt this is a friend of transexual morgane oger who is buddies with michellerempel time to stop voting for an mp who does n ,neutral
,neutral
 designationsix don t do that to the peaceful people of canada ,positive
,neutral
cineplex canada family favourites movies promotions missing link movie for 2 99 ticket today at 11 00 am ,neutral
,neutral
well done alex def got the talent to getting a job tag your friends that need a job and a nightlife  t co lk91himipr,positive
,neutral
 mc12 55 i ve noticed from way out here on the west coast ford is a nightmare and scheer would be for canada how the hell did ontario ,negative
,neutral
 kellycanuckto everyone in eastern canada today weather  t co cnmjr5tges,neutral
,neutral
 7newssydney police in canada have launched a murder investigation into the deaths of australian lucas fowler and his american girlfrie ,negative
,neutral
 mrensel1 meet your advocates aanpalf aanmember neurologist advocates helping nmo epilepsy seizure patients with treatment ,positive
,neutral
an american woman visited her boyfriend in canada they were both found dead on a remote highway  t co 8nwoopskt3,negative
,neutral
 titaniamcgrath this is the brave woman taking multiple female beauticians to court in british columbia for refusing to wax her scrotum ,neutral
,neutral
 mayoescoto nos sentimos muy contentos por llevar esperanza y compartir con tanta gente en la provincia el seibo hoy fueron m s de 400 ,neutral
,neutral
 silversteinbud 63 want limits on immigration in canada yet ,negative
,neutral
drafts by claudio iedwab senseiuensei dog perro illustrations ilustraciones design  t co qmcsz8aefk,neutral
,neutral
 tsndavenaylor as the father of a special olympian i m proud to remind everyone that today is special olympics global day of inclusion ,positive
,neutral
bbc news some unexpected consequences of extreme heat  t co ypxpzwhzld,negative
,neutral
 wbrettwilson well done justintrudeau amp cathmckenna amp supporting cast of eco alarmists while we should be a world leader in the ene ,positive
,neutral
 te d br a professor at the university of ottawa who specializes in obesity said that the only explanation for scheer s comments w ,neutral
,neutral
 madswilson this family is doing their weekly water run at the watering hole in attawapiskat this is ontario this is canada at ,neutral
,neutral
 teamaljonbcd busy tag chapter s admins sa pagpasa ng load ilalaban natin ang big winner ni binata aljonmendoza bb karina to 236 ,positive
,neutral
 us canada set your alarm and join us on zoom if you have been looking for a way to supplement your income or  t co ot3gf1odxm,negative
,neutral
 emrazz there s nothing exemplary about a man who rapes an unconscious woman i don t give a fuck about this rapist s resume report th ,neutral
,neutral
why a hipster vegan green tech economy is not sustainable canada  t co tvvwxg65jh sustainable,positive
,neutral
 travelticket peyto lake canada  t co x9whtvageg,neutral
,neutral
meanwhile in canada the chinese will not even take a call from trudeaumustgo  t co 0zjvd0ow6o,neutral
,neutral
 manny ottawa this is really happening in canada bona fide hashtag trudeaumustgo trends as 1 and fakenewsmedia say it s because of ,neutral
,neutral
 t co zexw6wkpp6 just a couple of bad apples man nothing to see here,negative
,neutral
 vanvlietdesign drjacobsrad integrity is critical to canada s continuation as a free nation corruption is taking us into slavery if ,negative
,neutral
 circularit malaysia in may said it would send back some 3 000 tons of non recyclable plastic waste to countries such as the u s u k ,negative
,neutral
 antony adler there s a sponge garden or sponge forest down there it s like an ancient old growth forest that has just been lost ,neutral
,neutral
 richardtgwalsh  t co bjh3w6zzvw what occurs when governments trust the market to build housing a basic human right affordab ,positive
,neutral
 estivel kenya is not a race neither is born outside us ted cruz was born in canada and held dual citizenshi  t co uzhldecbkr,neutral
,neutral
 depressionnote suicide hotline numbers united kingdom 116 123 united states 1 800 273 8255 canada 1 800 456 4566 ireland ,negative
,neutral
 jaimebcba this is an example of how to balance a budget invest in education and childcare reduce unemployment rates and inves ,neutral
,neutral
 designationsix ted cruz comes down here from canada and tells us how to run our government if he does not like it here he can go back ,positive
,neutral
 bob animal you know it s hot in canada when  t co 2agwkxejqw,positive
,neutral
 moonloopz the members left kevin at the grocery store alone and he just sat there saying he s going back to canada lmao  t co v ,neutral
,neutral
chart showing country comparison of netflix hours shows by country names are hard to read in chart click arti  t co mle0gzvczl,negative
,neutral
 lorne61 the rise of the satanic temple in canada  t co bcy3tcpd0f,neutral
,neutral
 azmairnin2019 meeting with kevinolearytv he has great respect for maximebernier and agrees with most of his ideas investments amp op ,positive
,neutral
 juliadavisnews trudeau about send her back chants at trump rally the comments made were hurtful wrong and completely unacceptable ,negative
,neutral
 t co i9djyzw6uj  t co nurlgd3h3h,neutral
,neutral
 india is one of numerous deteriorating democracies that are in denial that is why telling india s story and tell  t co stbuxhs0m1,negative
,neutral
 justintrudeau it s a big day for moms and dads your canada child benefit is going up so you ll have more money to help pay for what ,positive
,neutral
 jesuisfatigue1 sandrarestrepo carlosmartnroj4 funcionario p blico amenazado en colombia pide orientaci n para asilo pol tico en can ,neutral
,neutral
 graphicmatt infrastructure canada spokesperson says ford government hasn t provided a business case for ontario line or other parts of ,neutral
,neutral
 bob animal you know it s hot in canada when  t co 2agwkxejqw,positive
,neutral
 lauralynntt this is a friend of transexual morgane oger who is buddies with michellerempel time to stop voting for an mp who does n ,neutral
,neutral
 a professor at the university of ottawa who specializes in obesity said that the only explanation for scheer s  t co nzg4loiymg,neutral
,neutral
 natcitizens media bailout with trudeaumustgo continuing to trend across canada ctv news and the national observer have taken the d ,neutral
,neutral
 22 minutes reports say a trending trudeaumustgo hashtag was driven by a bot or as we call them in canada aboot ,neutral
,neutral
 belford steve fbf to colder days location scouting for a documentary in muskoka parrysound northernontario frozenlake spring ,neutral
,neutral
 emrazz there s nothing exemplary about a man who rapes an unconscious woman i don t give a fuck about this rapist s resume report th ,neutral
,neutral
 ccpa in saskatoon a minimum wage worker would have to work 78 hours week in order to rent an average apartment the situation is jus ,positive
,neutral
 ztekdesign mattwalshblog i work in forestry and this a huge lie the us and canada goes over an above to properly manage our forest ,positive
,neutral
 cbcns rcmp warn public about alleged sex offender now living in hants county  t co lbjk186mzl  t co 8o3rbw8ofo,negative
,neutral
 cbcnews hamilton like much of canada is caught up in an opioid crisis paramedics have responded to 413 suspected opioid overdoses s ,neutral
,neutral
canada earmarks 690 million to settle claims of sexual misc joseluisintwite nytimes twitter news notic  t co gzww5oqxic,neutral
,neutral
 revistaproceso canad busca trabajadores mexicanos con sueldos de hasta 69 mil pesos  t co zflwojdojt,neutral
,neutral
 designationsix ted cruz comes down here from canada and tells us how to run our government if he does not like it here he can go back ,positive
,neutral
 cbcnl johngushue a continuing dreary long cbc run of a story as an opportunity to highlight politicians while fai  t co ap7l4maorv,negative
,neutral
 7newssydney police in canada have launched a murder investigation into the deaths of australian lucas fowler and his american girlfrie ,negative
,neutral
 notabledesister the canadian government is getting everything it deserves in the public spectacle that is the yaniv case because of it ,neutral
,neutral
 instagram we re currently running a test that hides the total number of likes and video views for some people in the following countri ,positive
,neutral
caden the quiet became monarch of canada in 1625 ,positive
,neutral
 krist frasovszky heads to canada for fina marathon swim world series event after gwangju2019 gold  t co v3gvbbeosx,positive
,neutral
 i can t wait for the new canada to emerge i wish the next prime minister of canada the best of luck but whoever  t co rsl9lmez35,positive
,neutral
too few canadians are entering well paying trades cbc news  t co kkoepy5lgz canada,positive
,neutral
c nticos racistas en evento de trump intensifican tensi n en ee uu el tiempo  t co hgffxurcu2,positive
,neutral
 defencehq at riat 20 allied nations fly the nato flag uk belgium canada denmark france germany greece hungary ital ,neutral
,neutral
 mynamesnotgordy 6 chocolate milk saves lives 7 trudeau is actually spelled trudea 8 stephen lecce did not major in history 9 trude ,neutral
,neutral
 depressionnote suicide hotline numbers united kingdom 116 123 united states 1 800 273 8255 canada 1 800 456 4566 ireland ,negative
,neutral
 comculturaearte faz este m s 10 anos que estreou 500 days of summer o filme estreou comercialmente em toronto no canad a 17 julh ,neutral
,neutral
 tsndavenaylor as the father of a special olympian i m proud to remind everyone that today is special olympics global day of inclusion ,positive
,neutral
 indchileoficial grande evelyn ortiz se queda con la medalla de en los 800 metros en torneo nccwma 2019 realizado en canad u ,neutral
,neutral
 michaelgproctor lraitt dirtiest most corrupt government canada has ever had trudeaumustgo cdnpoli,negative
,neutral
 bernpisaturo wyn1745 realdonaldtrump same scenario happening in canada ,neutral
,neutral
 jonholb allisonpearson its canada thanks to trudeau its a madhouse ,neutral
,neutral
i wanna move to canada so i can simply listen to hits93toronto everyday and to also smoke weed and say eh after every sentence,negative
,neutral
 no news travels so freely or so fast mark twain quipped as the secret doings of the fenian brotherhood  t co ihcp1zmz8d,positive
,neutral
bonjour waking up in one of the most beautiful cities in the world montreal quebec canada i ve studied an  t co qve0c7l00h,positive
,neutral
 nwolnairski all of canada is in a heat wave except alberta and i just wanna know if we re being punished for voting kenney in,neutral
,neutral
 thecraiglauzon go bunnies you know i had to don thatshirt again russellcrowe it snapped the 4 game skid amp started the ssfcrabbit ,neutral
,neutral
are food politics defeating canada s healthy eating strategy  t co wie1prjrfs  t co znfszygfvb,positive
,neutral
 emrazz there s nothing exemplary about a man who rapes an unconscious woman i don t give a fuck about this rapist s resume report th ,neutral
,neutral
 vanvlietdesign drjacobsrad integrity is critical to canada s continuation as a free nation corruption is taking us into slavery if ,negative
,neutral
une jasette dans la cuisine de sprigcreative avec jennbartoli sur comment cuisiner les bleuets autrement pour le  t co 4zmzb2zgby,neutral
,neutral
 ryansnoddon heading to halifaxpride on saturday be sure to bring lots of water the temperature will reach 30 in halifax by earl ,neutral
,neutral
 justintrudeau it s a big day for moms and dads your canada child benefit is going up so you ll have more money to help pay for what ,positive
,neutral
 lraitt usually health canada makes decisions based on stakeholder meetings that are heavily stacked in favor of  t co 3xqj2jbvcu,positive
,neutral
we have 128 jobs open today at von canada von jobs amd amd jobs thermo fisher scientific thermofisherjob and more ,neutral
,neutral
 cbcalerts ottawa considered at risk area for lyme disease health agency warning people to take precautions when out and about in city ,negative
,neutral
 emrazz there s nothing exemplary about a man who rapes an unconscious woman i don t give a fuck about this rapist s resume report th ,neutral
,neutral
 titaniamcgrath this is the brave woman taking multiple female beauticians to court in british columbia for refusing to wax her scrotum ,neutral
,neutral
 milenio canad busca enfermeros mexicanos que quieran ganar 46 mil pesos al mes  t co 1arltx4jlx  t co xmrauilqrx,neutral
